{"Regression": 0.5280557084531408, "DecisionTree": 0.9894819193324061, "RandomForest": 0.9930169216504404, "GradientBoosting": 0.9875695410292072, "AdaBoost": 0.9843822438572091, "GNB": 0.7017993741307371, "k-NN": 0.9569801284641678}